slice_file_name,fsID,start,end,salience,fold,classID,class,path
100032-3-0-0.wav,100032,0.0,0.317551,1,5,3,dog_bark,/content/drive/MyDrive/Colab Notebooks/UrbanSound8k/audio/fold5/100032-3-0-0.wav
100648-1-0-0.wav,100648,4.823402,5.471927,2,10,1,car_horn,/content/drive/MyDrive/Colab Notebooks/UrbanSound8k/audio/fold10/100648-1-0-0.wav
100648-1-1-0.wav,100648,8.998279,10.052132,2,10,1,car_horn,/content/drive/MyDrive/Colab Notebooks/UrbanSound8k/audio/fold10/100648-1-1-0.wav
100648-1-2-0.wav,100648,16.699509,17.104837,2,10,1,car_horn,/content/drive/MyDrive/Colab Notebooks/UrbanSound8k/audio/fold10/100648-1-2-0.wav
100648-1-3-0.wav,100648,17.631764,19.253075,2,10,1,car_horn,/content/drive/MyDrive/Colab Notebooks/UrbanSound8k/audio/fold10/100648-1-3-0.wav
100648-1-4-0.wav,100648,25.332994,27.197502,2,10,1,car_horn,/content/drive/MyDrive/Colab Notebooks/UrbanSound8k/audio/fold10/100648-1-4-0.wav
102871-8-0-0.wav,102871,0.0,4.0,1,2,8,siren,/content/drive/MyDrive/Colab Notebooks/UrbanSound8k/audio/fold2/102871-8-0-0.wav
102871-8-0-1.wav,102871,0.5,4.5,1,2,8,siren,/content/drive/MyDrive/Colab Notebooks/UrbanSound8k/audio/fold2/102871-8-0-1.wav
102871-8-0-10.wav,102871,5.0,9.0,1,2,8,siren,/content/drive/MyDrive/Colab Notebooks/UrbanSound8k/audio/fold2/102871-8-0-10.wav
102871-8-0-11.wav,102871,5.5,9.5,1,2,8,siren,/content/drive/MyDrive/Colab Notebooks/UrbanSound8k/audio/fold2/102871-8-0-11.wav
102871-8-0-12.wav,102871,6.0,10.0,1,2,8,siren,/content/drive/MyDrive/Colab Notebooks/UrbanSound8k/audio/fold2/102871-8-0-12.wav
102871-8-0-13.wav,102871,6.5,10.5,1,2,8,siren,/content/drive/MyDrive/Colab Notebooks/UrbanSound8k/audio/fold2/102871-8-0-13.wav
102871-8-0-14.wav,102871,7.0,11.0,1,2,8,siren,/content/drive/MyDrive/Colab Notebooks/UrbanSound8k/audio/fold2/102871-8-0-14.wav
102871-8-0-15.wav,102871,7.5,11.5,1,2,8,siren,/content/drive/MyDrive/Colab Notebooks/UrbanSound8k/audio/fold2/102871-8-0-15.wav
102871-8-0-2.wav,102871,1.0,5.0,1,2,8,siren,/content/drive/MyDrive/Colab Notebooks/UrbanSound8k/audio/fold2/102871-8-0-2.wav
102871-8-0-3.wav,102871,1.5,5.5,1,2,8,siren,/content/drive/MyDrive/Colab Notebooks/UrbanSound8k/audio/fold2/102871-8-0-3.wav
102871-8-0-4.wav,102871,2.0,6.0,1,2,8,siren,/content/drive/MyDrive/Colab Notebooks/UrbanSound8k/audio/fold2/102871-8-0-4.wav
102871-8-0-5.wav,102871,2.5,6.5,1,2,8,siren,/content/drive/MyDrive/Colab Notebooks/UrbanSound8k/audio/fold2/102871-8-0-5.wav
102871-8-0-6.wav,102871,3.0,7.0,1,2,8,siren,/content/drive/MyDrive/Colab Notebooks/UrbanSound8k/audio/fold2/102871-8-0-6.wav
102871-8-0-7.wav,102871,3.5,7.5,1,2,8,siren,/content/drive/MyDrive/Colab Notebooks/UrbanSound8k/audio/fold2/102871-8-0-7.wav
102871-8-0-8.wav,102871,4.0,8.0,1,2,8,siren,/content/drive/MyDrive/Colab Notebooks/UrbanSound8k/audio/fold2/102871-8-0-8.wav
102871-8-0-9.wav,102871,4.5,8.5,1,2,8,siren,/content/drive/MyDrive/Colab Notebooks/UrbanSound8k/audio/fold2/102871-8-0-9.wav
110389-3-0-0.wav,110389,0.0,0.552041,1,9,3,dog_bark,/content/drive/MyDrive/Colab Notebooks/UrbanSound8k/audio/fold9/110389-3-0-0.wav
111671-8-0-0.wav,111671,1.197766,5.197766,1,5,8,siren,/content/drive/MyDrive/Colab Notebooks/UrbanSound8k/audio/fold5/111671-8-0-0.wav
111671-8-0-1.wav,111671,1.697766,5.697766,1,5,8,siren,/content/drive/MyDrive/Colab Notebooks/UrbanSound8k/audio/fold5/111671-8-0-1.wav
111671-8-0-10.wav,111671,6.197766,10.197766,1,5,8,siren,/content/drive/MyDrive/Colab Notebooks/UrbanSound8k/audio/fold5/111671-8-0-10.wav
111671-8-0-11.wav,111671,6.697766,10.697766,1,5,8,siren,/content/drive/MyDrive/Colab Notebooks/UrbanSound8k/audio/fold5/111671-8-0-11.wav
111671-8-0-12.wav,111671,7.197766,11.197766,1,5,8,siren,/content/drive/MyDrive/Colab Notebooks/UrbanSound8k/audio/fold5/111671-8-0-12.wav
111671-8-0-13.wav,111671,7.697766,11.697766,1,5,8,siren,/content/drive/MyDrive/Colab Notebooks/UrbanSound8k/audio/fold5/111671-8-0-13.wav
111671-8-0-14.wav,111671,8.197766,12.197766,1,5,8,siren,/content/drive/MyDrive/Colab Notebooks/UrbanSound8k/audio/fold5/111671-8-0-14.wav
111671-8-0-15.wav,111671,8.697766,12.697766,1,5,8,siren,/content/drive/MyDrive/Colab Notebooks/UrbanSound8k/audio/fold5/111671-8-0-15.wav
111671-8-0-16.wav,111671,9.197766,13.197766,1,5,8,siren,/content/drive/MyDrive/Colab Notebooks/UrbanSound8k/audio/fold5/111671-8-0-16.wav
111671-8-0-17.wav,111671,9.697766,13.697766,1,5,8,siren,/content/drive/MyDrive/Colab Notebooks/UrbanSound8k/audio/fold5/111671-8-0-17.wav
111671-8-0-18.wav,111671,10.197766,14.197766,1,5,8,siren,/content/drive/MyDrive/Colab Notebooks/UrbanSound8k/audio/fold5/111671-8-0-18.wav
111671-8-0-19.wav,111671,10.697766,14.697766,1,5,8,siren,/content/drive/MyDrive/Colab Notebooks/UrbanSound8k/audio/fold5/111671-8-0-19.wav
111671-8-0-2.wav,111671,2.197766,6.197766,1,5,8,siren,/content/drive/MyDrive/Colab Notebooks/UrbanSound8k/audio/fold5/111671-8-0-2.wav
111671-8-0-20.wav,111671,11.197766,15.197766,1,5,8,siren,/content/drive/MyDrive/Colab Notebooks/UrbanSound8k/audio/fold5/111671-8-0-20.wav
111671-8-0-21.wav,111671,11.697766,15.697766,1,5,8,siren,/content/drive/MyDrive/Colab Notebooks/UrbanSound8k/audio/fold5/111671-8-0-21.wav
111671-8-0-22.wav,111671,12.197766,16.197766,1,5,8,siren,/content/drive/MyDrive/Colab Notebooks/UrbanSound8k/audio/fold5/111671-8-0-22.wav
111671-8-0-3.wav,111671,2.697766,6.697766,1,5,8,siren,/content/drive/MyDrive/Colab Notebooks/UrbanSound8k/audio/fold5/111671-8-0-3.wav
111671-8-0-4.wav,111671,3.197766,7.197766,1,5,8,siren,/content/drive/MyDrive/Colab Notebooks/UrbanSound8k/audio/fold5/111671-8-0-4.wav
111671-8-0-5.wav,111671,3.697766,7.697766,1,5,8,siren,/content/drive/MyDrive/Colab Notebooks/UrbanSound8k/audio/fold5/111671-8-0-5.wav
111671-8-0-6.wav,111671,4.197766,8.197766,1,5,8,siren,/content/drive/MyDrive/Colab Notebooks/UrbanSound8k/audio/fold5/111671-8-0-6.wav
111671-8-0-7.wav,111671,4.697766,8.697766,1,5,8,siren,/content/drive/MyDrive/Colab Notebooks/UrbanSound8k/audio/fold5/111671-8-0-7.wav
111671-8-0-8.wav,111671,5.197766,9.197766,1,5,8,siren,/content/drive/MyDrive/Colab Notebooks/UrbanSound8k/audio/fold5/111671-8-0-8.wav
111671-8-0-9.wav,111671,5.697766,9.697766,1,5,8,siren,/content/drive/MyDrive/Colab Notebooks/UrbanSound8k/audio/fold5/111671-8-0-9.wav
114280-3-0-0.wav,114280,0.0,4.0,1,8,3,dog_bark,/content/drive/MyDrive/Colab Notebooks/UrbanSound8k/audio/fold8/114280-3-0-0.wav
114280-3-0-1.wav,114280,0.5,4.5,1,8,3,dog_bark,/content/drive/MyDrive/Colab Notebooks/UrbanSound8k/audio/fold8/114280-3-0-1.wav
114587-3-0-2.wav,114587,2.467612,6.467612,1,1,3,dog_bark,/content/drive/MyDrive/Colab Notebooks/UrbanSound8k/audio/fold1/114587-3-0-2.wav
114587-3-0-4.wav,114587,3.467612,7.467612,1,1,3,dog_bark,/content/drive/MyDrive/Colab Notebooks/UrbanSound8k/audio/fold1/114587-3-0-4.wav
114587-3-0-5.wav,114587,3.967612,7.967612,1,1,3,dog_bark,/content/drive/MyDrive/Colab Notebooks/UrbanSound8k/audio/fold1/114587-3-0-5.wav
114587-3-0-7.wav,114587,4.967612,8.967611999999999,1,1,3,dog_bark,/content/drive/MyDrive/Colab Notebooks/UrbanSound8k/audio/fold1/114587-3-0-7.wav
116400-3-0-2.wav,116400,1.0,5.0,1,3,3,dog_bark,/content/drive/MyDrive/Colab Notebooks/UrbanSound8k/audio/fold3/116400-3-0-2.wav
116400-3-1-0.wav,116400,12.269801,16.269801,1,3,3,dog_bark,/content/drive/MyDrive/Colab Notebooks/UrbanSound8k/audio/fold3/116400-3-1-0.wav
116400-3-1-1.wav,116400,12.769801,16.769801,1,3,3,dog_bark,/content/drive/MyDrive/Colab Notebooks/UrbanSound8k/audio/fold3/116400-3-1-1.wav
116400-3-1-2.wav,116400,13.269801,17.269801,1,3,3,dog_bark,/content/drive/MyDrive/Colab Notebooks/UrbanSound8k/audio/fold3/116400-3-1-2.wav
117271-3-0-0.wav,117271,0.0,4.0,1,6,3,dog_bark,/content/drive/MyDrive/Colab Notebooks/UrbanSound8k/audio/fold6/117271-3-0-0.wav
117271-3-0-1.wav,117271,0.5,4.5,1,6,3,dog_bark,/content/drive/MyDrive/Colab Notebooks/UrbanSound8k/audio/fold6/117271-3-0-1.wav
117271-3-0-2.wav,117271,1.0,5.0,1,6,3,dog_bark,/content/drive/MyDrive/Colab Notebooks/UrbanSound8k/audio/fold6/117271-3-0-2.wav
117271-3-0-3.wav,117271,1.5,5.5,1,6,3,dog_bark,/content/drive/MyDrive/Colab Notebooks/UrbanSound8k/audio/fold6/117271-3-0-3.wav
118072-3-0-0.wav,118072,0.0,1.066667,1,6,3,dog_bark,/content/drive/MyDrive/Colab Notebooks/UrbanSound8k/audio/fold6/118072-3-0-0.wav
118964-3-0-0.wav,118964,0.0,1.103896,1,4,3,dog_bark,/content/drive/MyDrive/Colab Notebooks/UrbanSound8k/audio/fold4/118964-3-0-0.wav
125520-1-0-0.wav,125520,0.175344,1.03822,1,8,1,car_horn,/content/drive/MyDrive/Colab Notebooks/UrbanSound8k/audio/fold8/125520-1-0-0.wav
125520-1-1-0.wav,125520,1.87341,4.051365,1,8,1,car_horn,/content/drive/MyDrive/Colab Notebooks/UrbanSound8k/audio/fold8/125520-1-1-0.wav
125520-1-2-0.wav,125520,4.572783,5.440273,1,8,1,car_horn,/content/drive/MyDrive/Colab Notebooks/UrbanSound8k/audio/fold8/125520-1-2-0.wav
125520-1-3-0.wav,125520,5.841718,6.709209,1,8,1,car_horn,/content/drive/MyDrive/Colab Notebooks/UrbanSound8k/audio/fold8/125520-1-3-0.wav
125520-1-4-0.wav,125520,7.318298,7.885858,1,8,1,car_horn,/content/drive/MyDrive/Colab Notebooks/UrbanSound8k/audio/fold8/125520-1-4-0.wav
128465-1-0-0.wav,128465,7.177949,11.177949,2,6,1,car_horn,/content/drive/MyDrive/Colab Notebooks/UrbanSound8k/audio/fold6/128465-1-0-0.wav
128465-1-0-1.wav,128465,7.677949,11.677949,2,6,1,car_horn,/content/drive/MyDrive/Colab Notebooks/UrbanSound8k/audio/fold6/128465-1-0-1.wav
128465-1-0-2.wav,128465,8.177949,12.177949,2,6,1,car_horn,/content/drive/MyDrive/Colab Notebooks/UrbanSound8k/audio/fold6/128465-1-0-2.wav
128465-1-0-3.wav,128465,8.677949,12.677949,2,6,1,car_horn,/content/drive/MyDrive/Colab Notebooks/UrbanSound8k/audio/fold6/128465-1-0-3.wav
128465-1-0-4.wav,128465,9.177949,13.177949,2,6,1,car_horn,/content/drive/MyDrive/Colab Notebooks/UrbanSound8k/audio/fold6/128465-1-0-4.wav
128465-1-0-5.wav,128465,9.677949,13.677949,2,6,1,car_horn,/content/drive/MyDrive/Colab Notebooks/UrbanSound8k/audio/fold6/128465-1-0-5.wav
128465-1-0-6.wav,128465,10.177949,14.177949,2,6,1,car_horn,/content/drive/MyDrive/Colab Notebooks/UrbanSound8k/audio/fold6/128465-1-0-6.wav
128465-1-0-7.wav,128465,10.677949,14.677949,2,6,1,car_horn,/content/drive/MyDrive/Colab Notebooks/UrbanSound8k/audio/fold6/128465-1-0-7.wav
128465-1-0-8.wav,128465,11.177949,15.177949,2,6,1,car_horn,/content/drive/MyDrive/Colab Notebooks/UrbanSound8k/audio/fold6/128465-1-0-8.wav
138465-1-0-0.wav,138465,19.212259,22.962543,2,8,1,car_horn,/content/drive/MyDrive/Colab Notebooks/UrbanSound8k/audio/fold8/138465-1-0-0.wav
144028-3-0-0.wav,144028,0.0,1.799509,1,8,3,dog_bark,/content/drive/MyDrive/Colab Notebooks/UrbanSound8k/audio/fold8/144028-3-0-0.wav
144028-3-1-0.wav,144028,4.918658,8.918658,1,8,3,dog_bark,/content/drive/MyDrive/Colab Notebooks/UrbanSound8k/audio/fold8/144028-3-1-0.wav
144028-3-1-1.wav,144028,5.418658,9.418658,1,8,3,dog_bark,/content/drive/MyDrive/Colab Notebooks/UrbanSound8k/audio/fold8/144028-3-1-1.wav
145577-1-0-0.wav,145577,0.0,1.105569,1,2,1,car_horn,/content/drive/MyDrive/Colab Notebooks/UrbanSound8k/audio/fold2/145577-1-0-0.wav
153057-1-0-0.wav,153057,0.284091,1.383136,1,7,1,car_horn,/content/drive/MyDrive/Colab Notebooks/UrbanSound8k/audio/fold7/153057-1-0-0.wav
155130-1-0-0.wav,155130,38.257548,38.430375,1,9,1,car_horn,/content/drive/MyDrive/Colab Notebooks/UrbanSound8k/audio/fold9/155130-1-0-0.wav
155130-1-1-0.wav,155130,71.566281,72.244063,1,9,1,car_horn,/content/drive/MyDrive/Colab Notebooks/UrbanSound8k/audio/fold9/155130-1-1-0.wav
155234-1-0-0.wav,155234,101.719854,103.833373,2,2,1,car_horn,/content/drive/MyDrive/Colab Notebooks/UrbanSound8k/audio/fold2/155234-1-0-0.wav
155312-3-0-0.wav,155312,0.0,4.0,1,9,3,dog_bark,/content/drive/MyDrive/Colab Notebooks/UrbanSound8k/audio/fold9/155312-3-0-0.wav
157695-3-0-19.wav,157695,9.5,13.5,1,4,3,dog_bark,/content/drive/MyDrive/Colab Notebooks/UrbanSound8k/audio/fold4/157695-3-0-19.wav
157695-3-0-2.wav,157695,1.0,5.0,1,4,3,dog_bark,/content/drive/MyDrive/Colab Notebooks/UrbanSound8k/audio/fold4/157695-3-0-2.wav
157695-3-0-27.wav,157695,13.5,17.5,1,4,3,dog_bark,/content/drive/MyDrive/Colab Notebooks/UrbanSound8k/audio/fold4/157695-3-0-27.wav
157695-3-0-8.wav,157695,4.0,8.0,1,4,3,dog_bark,/content/drive/MyDrive/Colab Notebooks/UrbanSound8k/audio/fold4/157695-3-0-8.wav
161010-1-0-0.wav,161010,123.329283,125.091034,2,4,1,car_horn,/content/drive/MyDrive/Colab Notebooks/UrbanSound8k/audio/fold4/161010-1-0-0.wav
161010-1-1-0.wav,161010,147.124081,148.444179,2,4,1,car_horn,/content/drive/MyDrive/Colab Notebooks/UrbanSound8k/audio/fold4/161010-1-1-0.wav
161010-1-2-0.wav,161010,148.909412,149.647969,2,4,1,car_horn,/content/drive/MyDrive/Colab Notebooks/UrbanSound8k/audio/fold4/161010-1-2-0.wav
161010-1-3-0.wav,161010,274.678649,277.041262,2,4,1,car_horn,/content/drive/MyDrive/Colab Notebooks/UrbanSound8k/audio/fold4/161010-1-3-0.wav
163459-3-0-0.wav,163459,0.294231,1.074248,1,10,3,dog_bark,/content/drive/MyDrive/Colab Notebooks/UrbanSound8k/audio/fold10/163459-3-0-0.wav
170015-3-0-0.wav,170015,1.193864,1.790795,1,3,3,dog_bark,/content/drive/MyDrive/Colab Notebooks/UrbanSound8k/audio/fold3/170015-3-0-0.wav
17124-1-0-0.wav,17124,0.072751,0.311441,2,10,1,car_horn,/content/drive/MyDrive/Colab Notebooks/UrbanSound8k/audio/fold10/17124-1-0-0.wav
174840-1-0-0.wav,174840,0.89259,3.875029,1,3,1,car_horn,/content/drive/MyDrive/Colab Notebooks/UrbanSound8k/audio/fold3/174840-1-0-0.wav
175845-1-0-0.wav,175845,1.667248,2.405537,1,1,1,car_horn,/content/drive/MyDrive/Colab Notebooks/UrbanSound8k/audio/fold1/175845-1-0-0.wav
175846-1-0-0.wav,175846,0.143475,1.635387,1,4,1,car_horn,/content/drive/MyDrive/Colab Notebooks/UrbanSound8k/audio/fold4/175846-1-0-0.wav
175855-1-0-0.wav,175855,0.165309,0.712897,1,4,1,car_horn,/content/drive/MyDrive/Colab Notebooks/UrbanSound8k/audio/fold4/175855-1-0-0.wav
175856-1-0-0.wav,175856,0.287145,0.555461,1,8,1,car_horn,/content/drive/MyDrive/Colab Notebooks/UrbanSound8k/audio/fold8/175856-1-0-0.wav
175856-1-1-0.wav,175856,0.932044,1.230957,1,8,1,car_horn,/content/drive/MyDrive/Colab Notebooks/UrbanSound8k/audio/fold8/175856-1-1-0.wav
175856-1-2-0.wav,175856,3.031496,4.156539,1,8,1,car_horn,/content/drive/MyDrive/Colab Notebooks/UrbanSound8k/audio/fold8/175856-1-2-0.wav
176631-1-0-0.wav,176631,28.32413,30.302215,2,3,1,car_horn,/content/drive/MyDrive/Colab Notebooks/UrbanSound8k/audio/fold3/176631-1-0-0.wav
176638-1-0-0.wav,176638,4.51208,5.061169,1,1,1,car_horn,/content/drive/MyDrive/Colab Notebooks/UrbanSound8k/audio/fold1/176638-1-0-0.wav
176638-1-1-0.wav,176638,6.724352,7.520133,1,1,1,car_horn,/content/drive/MyDrive/Colab Notebooks/UrbanSound8k/audio/fold1/176638-1-1-0.wav
178402-1-0-0.wav,178402,0.122098,2.167244,1,10,1,car_horn,/content/drive/MyDrive/Colab Notebooks/UrbanSound8k/audio/fold10/178402-1-0-0.wav
179860-1-0-0.wav,179860,0.257272,1.348884,1,6,1,car_horn,/content/drive/MyDrive/Colab Notebooks/UrbanSound8k/audio/fold6/179860-1-0-0.wav
179863-1-0-0.wav,179863,0.141445,0.897289,1,3,1,car_horn,/content/drive/MyDrive/Colab Notebooks/UrbanSound8k/audio/fold3/179863-1-0-0.wav
179865-1-0-0.wav,179865,0.315169,1.648178,2,3,1,car_horn,/content/drive/MyDrive/Colab Notebooks/UrbanSound8k/audio/fold3/179865-1-0-0.wav
179866-1-0-0.wav,179866,0.145435,0.630933,1,2,1,car_horn,/content/drive/MyDrive/Colab Notebooks/UrbanSound8k/audio/fold2/179866-1-0-0.wav
179866-1-1-0.wav,179866,0.913249,1.628663,1,2,1,car_horn,/content/drive/MyDrive/Colab Notebooks/UrbanSound8k/audio/fold2/179866-1-1-0.wav
179868-1-0-0.wav,179868,0.232419,2.385632,1,10,1,car_horn,/content/drive/MyDrive/Colab Notebooks/UrbanSound8k/audio/fold10/179868-1-0-0.wav
180156-1-0-0.wav,180156,4.837396,7.194528,2,9,1,car_horn,/content/drive/MyDrive/Colab Notebooks/UrbanSound8k/audio/fold9/180156-1-0-0.wav
180156-1-1-0.wav,180156,9.639612,11.064445,2,9,1,car_horn,/content/drive/MyDrive/Colab Notebooks/UrbanSound8k/audio/fold9/180156-1-1-0.wav
180156-1-10-0.wav,180156,28.654977,30.114991,2,9,1,car_horn,/content/drive/MyDrive/Colab Notebooks/UrbanSound8k/audio/fold9/180156-1-10-0.wav
180156-1-11-0.wav,180156,31.029699,31.645367,2,9,1,car_horn,/content/drive/MyDrive/Colab Notebooks/UrbanSound8k/audio/fold9/180156-1-11-0.wav
180156-1-12-0.wav,180156,37.221566,37.432653,2,9,1,car_horn,/content/drive/MyDrive/Colab Notebooks/UrbanSound8k/audio/fold9/180156-1-12-0.wav
180156-1-2-0.wav,180156,11.345893,11.627342,2,9,1,car_horn,/content/drive/MyDrive/Colab Notebooks/UrbanSound8k/audio/fold9/180156-1-2-0.wav
180156-1-3-0.wav,180156,11.856019,12.454097,2,9,1,car_horn,/content/drive/MyDrive/Colab Notebooks/UrbanSound8k/audio/fold9/180156-1-3-0.wav
180156-1-4-0.wav,180156,13.386395,14.600142,2,9,1,car_horn,/content/drive/MyDrive/Colab Notebooks/UrbanSound8k/audio/fold9/180156-1-4-0.wav
180156-1-5-0.wav,180156,15.796298,17.414627,2,9,1,car_horn,/content/drive/MyDrive/Colab Notebooks/UrbanSound8k/audio/fold9/180156-1-5-0.wav
180156-1-6-0.wav,180156,17.977524,21.882622,2,9,1,car_horn,/content/drive/MyDrive/Colab Notebooks/UrbanSound8k/audio/fold9/180156-1-6-0.wav
180156-1-7-0.wav,180156,23.747218,23.993486,2,9,1,car_horn,/content/drive/MyDrive/Colab Notebooks/UrbanSound8k/audio/fold9/180156-1-7-0.wav
180156-1-8-0.wav,180156,25.488681,26.086759,2,9,1,car_horn,/content/drive/MyDrive/Colab Notebooks/UrbanSound8k/audio/fold9/180156-1-8-0.wav
180156-1-9-0.wav,180156,26.403389,26.755199,2,9,1,car_horn,/content/drive/MyDrive/Colab Notebooks/UrbanSound8k/audio/fold9/180156-1-9-0.wav
180256-3-0-0.wav,180256,0.0,4.0,1,1,3,dog_bark,/content/drive/MyDrive/Colab Notebooks/UrbanSound8k/audio/fold1/180256-3-0-0.wav
180256-3-0-1.wav,180256,0.5,4.5,1,1,3,dog_bark,/content/drive/MyDrive/Colab Notebooks/UrbanSound8k/audio/fold1/180256-3-0-1.wav
180256-3-0-2.wav,180256,1.0,5.0,1,1,3,dog_bark,/content/drive/MyDrive/Colab Notebooks/UrbanSound8k/audio/fold1/180256-3-0-2.wav
180256-3-0-3.wav,180256,1.5,5.5,1,1,3,dog_bark,/content/drive/MyDrive/Colab Notebooks/UrbanSound8k/audio/fold1/180256-3-0-3.wav
180977-3-1-0.wav,180977,10.726049,14.726049,1,4,3,dog_bark,/content/drive/MyDrive/Colab Notebooks/UrbanSound8k/audio/fold4/180977-3-1-0.wav
180977-3-1-1.wav,180977,11.226049,15.226049,1,4,3,dog_bark,/content/drive/MyDrive/Colab Notebooks/UrbanSound8k/audio/fold4/180977-3-1-1.wav
180977-3-1-5.wav,180977,13.226049,17.226049,1,4,3,dog_bark,/content/drive/MyDrive/Colab Notebooks/UrbanSound8k/audio/fold4/180977-3-1-5.wav
183992-3-0-10.wav,183992,5.0,9.0,1,7,3,dog_bark,/content/drive/MyDrive/Colab Notebooks/UrbanSound8k/audio/fold7/183992-3-0-10.wav
183992-3-0-3.wav,183992,1.5,5.5,1,7,3,dog_bark,/content/drive/MyDrive/Colab Notebooks/UrbanSound8k/audio/fold7/183992-3-0-3.wav
183992-3-0-6.wav,183992,3.0,7.0,1,7,3,dog_bark,/content/drive/MyDrive/Colab Notebooks/UrbanSound8k/audio/fold7/183992-3-0-6.wav
183992-3-0-9.wav,183992,4.5,8.5,1,7,3,dog_bark,/content/drive/MyDrive/Colab Notebooks/UrbanSound8k/audio/fold7/183992-3-0-9.wav
184575-3-0-0.wav,184575,0.0,4.0,1,9,3,dog_bark,/content/drive/MyDrive/Colab Notebooks/UrbanSound8k/audio/fold9/184575-3-0-0.wav
184575-3-0-1.wav,184575,0.5,4.5,1,9,3,dog_bark,/content/drive/MyDrive/Colab Notebooks/UrbanSound8k/audio/fold9/184575-3-0-1.wav
184575-3-0-2.wav,184575,1.0,5.0,1,9,3,dog_bark,/content/drive/MyDrive/Colab Notebooks/UrbanSound8k/audio/fold9/184575-3-0-2.wav
184575-3-0-3.wav,184575,1.5,5.5,1,9,3,dog_bark,/content/drive/MyDrive/Colab Notebooks/UrbanSound8k/audio/fold9/184575-3-0-3.wav
19026-1-0-0.wav,19026,0.012822,1.050575,1,1,1,car_horn,/content/drive/MyDrive/Colab Notebooks/UrbanSound8k/audio/fold1/19026-1-0-0.wav
191687-3-0-0.wav,191687,0.0,4.0,1,7,3,dog_bark,/content/drive/MyDrive/Colab Notebooks/UrbanSound8k/audio/fold7/191687-3-0-0.wav
191687-3-0-11.wav,191687,5.5,9.5,1,7,3,dog_bark,/content/drive/MyDrive/Colab Notebooks/UrbanSound8k/audio/fold7/191687-3-0-11.wav
191687-3-0-15.wav,191687,7.5,11.5,1,7,3,dog_bark,/content/drive/MyDrive/Colab Notebooks/UrbanSound8k/audio/fold7/191687-3-0-15.wav
191687-3-0-5.wav,191687,2.5,6.5,1,7,3,dog_bark,/content/drive/MyDrive/Colab Notebooks/UrbanSound8k/audio/fold7/191687-3-0-5.wav
192236-3-0-2.wav,192236,4.506272,8.506272,1,7,3,dog_bark,/content/drive/MyDrive/Colab Notebooks/UrbanSound8k/audio/fold7/192236-3-0-2.wav
192236-3-0-4.wav,192236,5.506272,9.506272,1,7,3,dog_bark,/content/drive/MyDrive/Colab Notebooks/UrbanSound8k/audio/fold7/192236-3-0-4.wav
192236-3-0-6.wav,192236,6.506272,10.506272,1,7,3,dog_bark,/content/drive/MyDrive/Colab Notebooks/UrbanSound8k/audio/fold7/192236-3-0-6.wav
192236-3-0-8.wav,192236,7.506272,11.506272,1,7,3,dog_bark,/content/drive/MyDrive/Colab Notebooks/UrbanSound8k/audio/fold7/192236-3-0-8.wav
194754-3-0-0.wav,194754,0.312357,4.312357,1,7,3,dog_bark,/content/drive/MyDrive/Colab Notebooks/UrbanSound8k/audio/fold7/194754-3-0-0.wav
194754-3-0-1.wav,194754,0.812357,4.812357,1,7,3,dog_bark,/content/drive/MyDrive/Colab Notebooks/UrbanSound8k/audio/fold7/194754-3-0-1.wav
194754-3-0-2.wav,194754,1.312357,5.312357,1,7,3,dog_bark,/content/drive/MyDrive/Colab Notebooks/UrbanSound8k/audio/fold7/194754-3-0-2.wav
199261-3-0-0.wav,199261,0.211116,4.211116,1,10,3,dog_bark,/content/drive/MyDrive/Colab Notebooks/UrbanSound8k/audio/fold10/199261-3-0-0.wav
199261-3-0-1.wav,199261,0.711116,4.711116,1,10,3,dog_bark,/content/drive/MyDrive/Colab Notebooks/UrbanSound8k/audio/fold10/199261-3-0-1.wav
199261-3-0-2.wav,199261,1.211116,5.2111160000000005,1,10,3,dog_bark,/content/drive/MyDrive/Colab Notebooks/UrbanSound8k/audio/fold10/199261-3-0-2.wav
199261-3-0-4.wav,199261,2.211116,6.2111160000000005,1,10,3,dog_bark,/content/drive/MyDrive/Colab Notebooks/UrbanSound8k/audio/fold10/199261-3-0-4.wav
203128-3-1-0.wav,203128,3.414972,5.302693,1,2,3,dog_bark,/content/drive/MyDrive/Colab Notebooks/UrbanSound8k/audio/fold2/203128-3-1-0.wav
203128-3-3-0.wav,203128,10.083655,10.529498,1,2,3,dog_bark,/content/drive/MyDrive/Colab Notebooks/UrbanSound8k/audio/fold2/203128-3-3-0.wav
203128-3-6-0.wav,203128,13.517599,15.291487,1,2,3,dog_bark,/content/drive/MyDrive/Colab Notebooks/UrbanSound8k/audio/fold2/203128-3-6-0.wav
203128-3-9-0.wav,203128,19.607633,21.40998,1,2,3,dog_bark,/content/drive/MyDrive/Colab Notebooks/UrbanSound8k/audio/fold2/203128-3-9-0.wav
207124-3-0-0.wav,207124,0.0,1.04291,1,3,3,dog_bark,/content/drive/MyDrive/Colab Notebooks/UrbanSound8k/audio/fold3/207124-3-0-0.wav
207124-3-1-0.wav,207124,2.736347,5.596604,1,3,3,dog_bark,/content/drive/MyDrive/Colab Notebooks/UrbanSound8k/audio/fold3/207124-3-1-0.wav
207124-3-2-0.wav,207124,6.84603,10.84603,1,3,3,dog_bark,/content/drive/MyDrive/Colab Notebooks/UrbanSound8k/audio/fold3/207124-3-2-0.wav
208030-3-0-0.wav,208030,0.180372,2.119367,1,6,3,dog_bark,/content/drive/MyDrive/Colab Notebooks/UrbanSound8k/audio/fold6/208030-3-0-0.wav
208030-3-1-0.wav,208030,2.48011,3.847929,1,6,3,dog_bark,/content/drive/MyDrive/Colab Notebooks/UrbanSound8k/audio/fold6/208030-3-1-0.wav
208030-3-2-0.wav,208030,4.223703,5.471274,1,6,3,dog_bark,/content/drive/MyDrive/Colab Notebooks/UrbanSound8k/audio/fold6/208030-3-2-0.wav
208030-3-4-0.wav,208030,7.771013,10.897455,1,6,3,dog_bark,/content/drive/MyDrive/Colab Notebooks/UrbanSound8k/audio/fold6/208030-3-4-0.wav
24074-1-0-0.wav,24074,13.060993,17.060993,1,1,1,car_horn,/content/drive/MyDrive/Colab Notebooks/UrbanSound8k/audio/fold1/24074-1-0-0.wav
24074-1-0-1.wav,24074,13.560993,17.560993,1,1,1,car_horn,/content/drive/MyDrive/Colab Notebooks/UrbanSound8k/audio/fold1/24074-1-0-1.wav
24074-1-0-10.wav,24074,18.060993,22.060993,1,1,1,car_horn,/content/drive/MyDrive/Colab Notebooks/UrbanSound8k/audio/fold1/24074-1-0-10.wav
24074-1-0-11.wav,24074,18.560993,22.560993,1,1,1,car_horn,/content/drive/MyDrive/Colab Notebooks/UrbanSound8k/audio/fold1/24074-1-0-11.wav
24074-1-0-12.wav,24074,19.060993,23.060993,1,1,1,car_horn,/content/drive/MyDrive/Colab Notebooks/UrbanSound8k/audio/fold1/24074-1-0-12.wav
24074-1-0-13.wav,24074,19.560993,23.560993,1,1,1,car_horn,/content/drive/MyDrive/Colab Notebooks/UrbanSound8k/audio/fold1/24074-1-0-13.wav
24074-1-0-2.wav,24074,14.060993,18.060993,1,1,1,car_horn,/content/drive/MyDrive/Colab Notebooks/UrbanSound8k/audio/fold1/24074-1-0-2.wav
24074-1-0-3.wav,24074,14.560993,18.560993,1,1,1,car_horn,/content/drive/MyDrive/Colab Notebooks/UrbanSound8k/audio/fold1/24074-1-0-3.wav
24074-1-0-4.wav,24074,15.060993,19.060993,1,1,1,car_horn,/content/drive/MyDrive/Colab Notebooks/UrbanSound8k/audio/fold1/24074-1-0-4.wav
24074-1-0-5.wav,24074,15.560993,19.560993,1,1,1,car_horn,/content/drive/MyDrive/Colab Notebooks/UrbanSound8k/audio/fold1/24074-1-0-5.wav
24074-1-0-6.wav,24074,16.060993,20.060993,1,1,1,car_horn,/content/drive/MyDrive/Colab Notebooks/UrbanSound8k/audio/fold1/24074-1-0-6.wav
24074-1-0-7.wav,24074,16.560993,20.560993,1,1,1,car_horn,/content/drive/MyDrive/Colab Notebooks/UrbanSound8k/audio/fold1/24074-1-0-7.wav
24074-1-0-8.wav,24074,17.060993,21.060993,1,1,1,car_horn,/content/drive/MyDrive/Colab Notebooks/UrbanSound8k/audio/fold1/24074-1-0-8.wav
24074-1-0-9.wav,24074,17.560993,21.560993,1,1,1,car_horn,/content/drive/MyDrive/Colab Notebooks/UrbanSound8k/audio/fold1/24074-1-0-9.wav
24076-1-0-0.wav,24076,37.46937,38.460065,1,10,1,car_horn,/content/drive/MyDrive/Colab Notebooks/UrbanSound8k/audio/fold10/24076-1-0-0.wav
24076-1-1-0.wav,24076,38.856344,42.009706,1,10,1,car_horn,/content/drive/MyDrive/Colab Notebooks/UrbanSound8k/audio/fold10/24076-1-1-0.wav
26176-1-0-0.wav,26176,0.320622,1.435087,1,8,1,car_horn,/content/drive/MyDrive/Colab Notebooks/UrbanSound8k/audio/fold8/26176-1-0-0.wav
26177-1-0-0.wav,26177,0.0,0.246102,2,5,1,car_horn,/content/drive/MyDrive/Colab Notebooks/UrbanSound8k/audio/fold5/26177-1-0-0.wav
26177-1-1-0.wav,26177,0.866278,2.039362,1,5,1,car_horn,/content/drive/MyDrive/Colab Notebooks/UrbanSound8k/audio/fold5/26177-1-1-0.wav
26177-1-2-0.wav,26177,2.164053,3.670195,2,5,1,car_horn,/content/drive/MyDrive/Colab Notebooks/UrbanSound8k/audio/fold5/26177-1-2-0.wav
28808-1-0-0.wav,28808,0.0,4.0,1,10,1,car_horn,/content/drive/MyDrive/Colab Notebooks/UrbanSound8k/audio/fold10/28808-1-0-0.wav
28808-1-0-1.wav,28808,0.5,4.5,1,10,1,car_horn,/content/drive/MyDrive/Colab Notebooks/UrbanSound8k/audio/fold10/28808-1-0-1.wav
28808-1-0-10.wav,28808,5.0,9.0,1,10,1,car_horn,/content/drive/MyDrive/Colab Notebooks/UrbanSound8k/audio/fold10/28808-1-0-10.wav
28808-1-0-11.wav,28808,5.5,9.5,1,10,1,car_horn,/content/drive/MyDrive/Colab Notebooks/UrbanSound8k/audio/fold10/28808-1-0-11.wav
28808-1-0-2.wav,28808,1.0,5.0,1,10,1,car_horn,/content/drive/MyDrive/Colab Notebooks/UrbanSound8k/audio/fold10/28808-1-0-2.wav
28808-1-0-3.wav,28808,1.5,5.5,1,10,1,car_horn,/content/drive/MyDrive/Colab Notebooks/UrbanSound8k/audio/fold10/28808-1-0-3.wav
28808-1-0-4.wav,28808,2.0,6.0,1,10,1,car_horn,/content/drive/MyDrive/Colab Notebooks/UrbanSound8k/audio/fold10/28808-1-0-4.wav
28808-1-0-5.wav,28808,2.5,6.5,1,10,1,car_horn,/content/drive/MyDrive/Colab Notebooks/UrbanSound8k/audio/fold10/28808-1-0-5.wav
28808-1-0-6.wav,28808,3.0,7.0,1,10,1,car_horn,/content/drive/MyDrive/Colab Notebooks/UrbanSound8k/audio/fold10/28808-1-0-6.wav
28808-1-0-7.wav,28808,3.5,7.5,1,10,1,car_horn,/content/drive/MyDrive/Colab Notebooks/UrbanSound8k/audio/fold10/28808-1-0-7.wav
28808-1-0-8.wav,28808,4.0,8.0,1,10,1,car_horn,/content/drive/MyDrive/Colab Notebooks/UrbanSound8k/audio/fold10/28808-1-0-8.wav
28808-1-0-9.wav,28808,4.5,8.5,1,10,1,car_horn,/content/drive/MyDrive/Colab Notebooks/UrbanSound8k/audio/fold10/28808-1-0-9.wav
28808-1-1-0.wav,28808,27.28857,31.28857,2,10,1,car_horn,/content/drive/MyDrive/Colab Notebooks/UrbanSound8k/audio/fold10/28808-1-1-0.wav
28808-1-1-1.wav,28808,27.78857,31.78857,2,10,1,car_horn,/content/drive/MyDrive/Colab Notebooks/UrbanSound8k/audio/fold10/28808-1-1-1.wav
30226-3-1-0.wav,30226,5.195936,9.195936,1,8,3,dog_bark,/content/drive/MyDrive/Colab Notebooks/UrbanSound8k/audio/fold8/30226-3-1-0.wav
30226-3-1-1.wav,30226,5.695936,9.695936,1,8,3,dog_bark,/content/drive/MyDrive/Colab Notebooks/UrbanSound8k/audio/fold8/30226-3-1-1.wav
30226-3-1-3.wav,30226,6.695936,10.695936,1,8,3,dog_bark,/content/drive/MyDrive/Colab Notebooks/UrbanSound8k/audio/fold8/30226-3-1-3.wav
30226-3-1-5.wav,30226,7.695936,11.695936,1,8,3,dog_bark,/content/drive/MyDrive/Colab Notebooks/UrbanSound8k/audio/fold8/30226-3-1-5.wav
30344-3-0-0.wav,30344,0.391161,4.391161,1,10,3,dog_bark,/content/drive/MyDrive/Colab Notebooks/UrbanSound8k/audio/fold10/30344-3-0-0.wav
30344-3-0-1.wav,30344,0.891161,4.891161,1,10,3,dog_bark,/content/drive/MyDrive/Colab Notebooks/UrbanSound8k/audio/fold10/30344-3-0-1.wav
30344-3-0-3.wav,30344,1.891161,5.891161,1,10,3,dog_bark,/content/drive/MyDrive/Colab Notebooks/UrbanSound8k/audio/fold10/30344-3-0-3.wav
30344-3-0-4.wav,30344,2.391161,6.391161,1,10,3,dog_bark,/content/drive/MyDrive/Colab Notebooks/UrbanSound8k/audio/fold10/30344-3-0-4.wav
32318-3-0-0.wav,32318,0.385559,4.385559,1,3,3,dog_bark,/content/drive/MyDrive/Colab Notebooks/UrbanSound8k/audio/fold3/32318-3-0-0.wav
32318-3-0-1.wav,32318,0.885559,4.885559,1,3,3,dog_bark,/content/drive/MyDrive/Colab Notebooks/UrbanSound8k/audio/fold3/32318-3-0-1.wav
42101-1-1-0.wav,42101,69.97537,71.293747,2,9,1,car_horn,/content/drive/MyDrive/Colab Notebooks/UrbanSound8k/audio/fold9/42101-1-1-0.wav
43806-8-0-0.wav,43806,0.0,4.0,1,1,8,siren,/content/drive/MyDrive/Colab Notebooks/UrbanSound8k/audio/fold1/43806-8-0-0.wav
54086-1-0-0.wav,54086,0.0,1.16194,1,10,1,car_horn,/content/drive/MyDrive/Colab Notebooks/UrbanSound8k/audio/fold10/54086-1-0-0.wav
54086-1-1-0.wav,54086,1.524149,2.725537,1,10,1,car_horn,/content/drive/MyDrive/Colab Notebooks/UrbanSound8k/audio/fold10/54086-1-1-0.wav
54086-1-2-0.wav,54086,3.066229,4.353687,1,10,1,car_horn,/content/drive/MyDrive/Colab Notebooks/UrbanSound8k/audio/fold10/54086-1-2-0.wav
59513-3-0-0.wav,59513,0.156569,4.156569,1,10,3,dog_bark,/content/drive/MyDrive/Colab Notebooks/UrbanSound8k/audio/fold10/59513-3-0-0.wav
59513-3-0-1.wav,59513,0.656569,4.656569,1,10,3,dog_bark,/content/drive/MyDrive/Colab Notebooks/UrbanSound8k/audio/fold10/59513-3-0-1.wav
59513-3-0-3.wav,59513,1.656569,5.656569,1,10,3,dog_bark,/content/drive/MyDrive/Colab Notebooks/UrbanSound8k/audio/fold10/59513-3-0-3.wav
59513-3-0-4.wav,59513,2.156569,6.156569,1,10,3,dog_bark,/content/drive/MyDrive/Colab Notebooks/UrbanSound8k/audio/fold10/59513-3-0-4.wav
62878-8-0-0.wav,62878,0.0,4.0,1,7,8,siren,/content/drive/MyDrive/Colab Notebooks/UrbanSound8k/audio/fold7/62878-8-0-0.wav
62878-8-0-1.wav,62878,0.5,4.5,1,7,8,siren,/content/drive/MyDrive/Colab Notebooks/UrbanSound8k/audio/fold7/62878-8-0-1.wav
62878-8-0-2.wav,62878,1.0,5.0,1,7,8,siren,/content/drive/MyDrive/Colab Notebooks/UrbanSound8k/audio/fold7/62878-8-0-2.wav
85362-3-0-0.wav,85362,0.380052,2.660361,1,7,3,dog_bark,/content/drive/MyDrive/Colab Notebooks/UrbanSound8k/audio/fold7/85362-3-0-0.wav
85362-3-1-0.wav,85362,4.27558,8.27558,1,7,3,dog_bark,/content/drive/MyDrive/Colab Notebooks/UrbanSound8k/audio/fold7/85362-3-1-0.wav
85362-3-2-0.wav,85362,10.057793,11.035068,1,7,3,dog_bark,/content/drive/MyDrive/Colab Notebooks/UrbanSound8k/audio/fold7/85362-3-2-0.wav
85362-3-3-0.wav,85362,12.148076,16.148076,1,7,3,dog_bark,/content/drive/MyDrive/Colab Notebooks/UrbanSound8k/audio/fold7/85362-3-3-0.wav
90014-8-0-0.wav,90014,0.0,4.0,1,3,8,siren,/content/drive/MyDrive/Colab Notebooks/UrbanSound8k/audio/fold3/90014-8-0-0.wav
90014-8-0-1.wav,90014,0.5,4.5,1,3,8,siren,/content/drive/MyDrive/Colab Notebooks/UrbanSound8k/audio/fold3/90014-8-0-1.wav
90014-8-0-2.wav,90014,1.0,5.0,1,3,8,siren,/content/drive/MyDrive/Colab Notebooks/UrbanSound8k/audio/fold3/90014-8-0-2.wav
90014-8-0-3.wav,90014,1.5,5.5,1,3,8,siren,/content/drive/MyDrive/Colab Notebooks/UrbanSound8k/audio/fold3/90014-8-0-3.wav
90014-8-0-4.wav,90014,2.0,6.0,1,3,8,siren,/content/drive/MyDrive/Colab Notebooks/UrbanSound8k/audio/fold3/90014-8-0-4.wav
90014-8-0-5.wav,90014,2.5,6.5,1,3,8,siren,/content/drive/MyDrive/Colab Notebooks/UrbanSound8k/audio/fold3/90014-8-0-5.wav
90014-8-0-6.wav,90014,3.0,7.0,1,3,8,siren,/content/drive/MyDrive/Colab Notebooks/UrbanSound8k/audio/fold3/90014-8-0-6.wav
9032-3-0-0.wav,9032,0.0,0.350864,1,6,3,dog_bark,/content/drive/MyDrive/Colab Notebooks/UrbanSound8k/audio/fold6/9032-3-0-0.wav
9032-3-1-0.wav,9032,0.781671,1.403455,1,6,3,dog_bark,/content/drive/MyDrive/Colab Notebooks/UrbanSound8k/audio/fold6/9032-3-1-0.wav
9032-3-2-0.wav,9032,1.798732,2.726967,1,6,3,dog_bark,/content/drive/MyDrive/Colab Notebooks/UrbanSound8k/audio/fold6/9032-3-2-0.wav
97392-3-0-0.wav,97392,0.0,2.773946,1,6,3,dog_bark,/content/drive/MyDrive/Colab Notebooks/UrbanSound8k/audio/fold6/97392-3-0-0.wav
