slice_file_name,fsID,fold,class,duration_s,reason
87275-1-2-0.wav,87275,1,car_horn,0.0545,too short for caption generation (<=0.23 s)
87275-1-1-0.wav,87275,1,car_horn,0.0545,too short for caption generation (<=0.23 s)
17307-1-0-0.wav,17307,2,car_horn,0.0616,too short for caption generation (<=0.23 s)
87275-1-3-0.wav,87275,1,car_horn,0.0618,too short for caption generation (<=0.23 s)
87275-1-4-0.wav,87275,1,car_horn,0.0691,too short for caption generation (<=0.23 s)
151359-1-2-0.wav,151359,3,car_horn,0.0969,too short for caption generation (<=0.23 s)
155129-1-0-0.wav,155129,2,car_horn,0.1036,too short for caption generation (<=0.23 s)
170243-1-0-0.wav,170243,7,car_horn,0.1041,too short for caption generation (<=0.23 s)
162702-1-0-0.wav,162702,6,car_horn,0.106,too short for caption generation (<=0.23 s)
87275-1-5-0.wav,87275,1,car_horn,0.109,too short for caption generation (<=0.23 s)
151359-1-3-0.wav,151359,3,car_horn,0.1098,too short for caption generation (<=0.23 s)
160093-3-0-0.wav,160093,3,dog_bark,0.1198,too short for caption generation (<=0.23 s)
160092-3-0-0.wav,160092,2,dog_bark,0.1284,too short for caption generation (<=0.23 s)
151359-1-0-0.wav,151359,3,car_horn,0.1421,too short for caption generation (<=0.23 s)
87275-1-0-0.wav,87275,1,car_horn,0.1454,too short for caption generation (<=0.23 s)
151359-1-1-0.wav,151359,3,car_horn,0.155,too short for caption generation (<=0.23 s)
155129-1-1-0.wav,155129,2,car_horn,0.1578,too short for caption generation (<=0.23 s)
76091-6-4-0.wav,76091,2,gun_shot,0.1663,too short for caption generation (<=0.23 s)
76091-6-3-0.wav,76091,2,gun_shot,0.1791,too short for caption generation (<=0.23 s)
43803-1-0-0.wav,43803,5,car_horn,0.1793,too short for caption generation (<=0.23 s)
43802-1-0-0.wav,43802,6,car_horn,0.1819,too short for caption generation (<=0.23 s)
43784-3-0-0.wav,43784,7,dog_bark,0.1826,too short for caption generation (<=0.23 s)
118496-1-1-0.wav,118496,3,car_horn,0.1918,too short for caption generation (<=0.23 s)
160094-3-0-0.wav,160094,1,dog_bark,0.1928,too short for caption generation (<=0.23 s)
76091-6-2-0.wav,76091,2,gun_shot,0.1961,too short for caption generation (<=0.23 s)
18594-1-2-0.wav,18594,3,car_horn,0.1999,too short for caption generation (<=0.23 s)
43802-1-1-0.wav,43802,6,car_horn,0.2021,too short for caption generation (<=0.23 s)
71439-1-1-0.wav,71439,5,car_horn,0.2074,too short for caption generation (<=0.23 s)
4911-3-0-0.wav,4911,2,dog_bark,0.2093,too short for caption generation (<=0.23 s)
166268-3-2-0.wav,166268,1,dog_bark,0.2105,too short for caption generation (<=0.23 s)
18594-1-4-0.wav,18594,3,car_horn,0.2157,too short for caption generation (<=0.23 s)
27068-1-0-0.wav,27068,9,car_horn,0.2164,too short for caption generation (<=0.23 s)
118070-1-0-0.wav,118070,3,car_horn,0.2251,too short for caption generation (<=0.23 s)
