slice_file_name,fold,original_category,y_true,duration_s,cnn_prob_colab,distilbert_prob_colab
101415-3-0-2.wav,1,dog_bark,1,4.0,0.98131,0.99812
103074-7-1-0.wav,1,jackhammer,0,4.0,0.46957,0.0008
103074-7-1-2.wav,1,jackhammer,0,4.0,0.4339,0.00101
103258-5-0-19.wav,1,engine_idling,0,4.0,0.16199,0.99818
103258-5-0-9.wav,1,engine_idling,0,4.0,0.16201,0.0009
105415-2-0-15.wav,1,children_playing,0,4.0,0.44012,0.00191
108362-2-0-11.wav,1,children_playing,0,4.0,0.73787,0.00136
108362-2-0-12.wav,1,children_playing,0,4.0,0.73922,0.00126
134717-0-0-19.wav,1,air_conditioner,0,4.0,0.0,0.00082
134717-0-0-27.wav,1,air_conditioner,0,4.0,0.0,0.00082
135776-2-0-37.wav,1,children_playing,0,4.0,0.51776,0.0013
147764-4-5-0.wav,1,drilling,0,1.031,0.83041,0.99793
176787-5-0-5.wav,1,engine_idling,0,4.0,0.64259,0.00096
177621-0-0-105.wav,1,air_conditioner,0,4.0,0.71015,0.00121
177621-0-0-46.wav,1,air_conditioner,0,4.0,0.662,0.00098
17913-4-0-0.wav,1,drilling,0,4.0,0.53918,0.00141
180937-7-3-8.wav,1,jackhammer,0,4.0,0.46703,0.0009
196400-6-0-0.wav,1,gun_shot,1,3.14,0.84364,0.99794
46918-5-0-2.wav,1,engine_idling,0,4.0,0.7764,0.99816
51022-3-13-0.wav,1,dog_bark,1,1.461,0.0,0.00106
59277-0-0-0.wav,1,air_conditioner,0,4.0,0.00017,0.00083
71087-4-1-0.wav,1,drilling,0,0.804,0.76193,0.99754
78360-4-0-16.wav,1,drilling,0,4.0,0.40578,0.00085
78360-4-0-22.wav,1,drilling,0,4.0,0.43812,0.00101
99180-9-0-36.wav,1,street_music,0,4.0,0.43434,0.00717
118723-4-0-0.wav,2,drilling,0,2.654,0.63225,0.00216
123688-8-1-5.wav,2,siren,1,4.0,0.63572,0.99812
127872-0-0-0.wav,2,air_conditioner,0,2.498,0.00013,0.00082
149370-9-0-37.wav,2,street_music,0,4.0,0.66258,0.41128
169098-7-4-9.wav,2,jackhammer,0,4.0,0.28432,0.00081
177592-5-0-8.wav,2,engine_idling,0,4.0,0.74713,0.00198
185800-4-2-1.wav,2,drilling,0,4.0,0.12434,0.00083
18581-3-0-5.wav,2,dog_bark,1,4.0,0.55282,0.0024
203929-7-3-5.wav,2,jackhammer,0,4.0,0.55989,0.99652
34621-4-18-0.wav,2,drilling,0,0.611,0.74622,0.00105
34621-4-24-0.wav,2,drilling,0,1.045,0.69567,0.00121
40717-8-0-5.wav,2,siren,1,4.0,0.37021,0.00127
60591-2-0-4.wav,2,children_playing,0,4.0,0.78335,0.00436
74507-0-0-15.wav,2,air_conditioner,0,4.0,0.41307,0.00083
13230-0-0-20.wav,3,air_conditioner,0,4.0,0.73787,0.99723
144068-5-4-2.wav,3,engine_idling,0,4.0,0.29039,0.00083
144068-5-4-5.wav,3,engine_idling,0,4.0,0.32703,0.00095
146714-0-0-18.wav,3,air_conditioner,0,4.0,0.07109,0.00084
161195-6-0-0.wav,3,gun_shot,1,0.8,0.93518,0.99801
169044-2-0-18.wav,3,children_playing,0,4.0,0.48022,0.95034
176783-3-0-3.wav,3,dog_bark,1,4.0,0.43803,0.98078
177742-0-0-102.wav,3,air_conditioner,0,4.0,0.73548,0.00098
177742-0-0-196.wav,3,air_conditioner,0,4.0,0.53805,0.00089
17853-5-0-13.wav,3,engine_idling,0,4.0,0.91845,0.99818
184623-8-0-0.wav,3,siren,1,4.0,0.91091,0.99814
185373-9-1-70.wav,3,street_music,0,4.0,0.08165,0.31362
188824-7-3-0.wav,3,jackhammer,0,0.812,0.54145,0.99544
196060-2-0-0.wav,3,children_playing,0,1.502,0.50874,0.99738
199769-1-0-3.wav,3,car_horn,1,4.0,0.80851,0.99813
22601-8-0-13.wav,3,siren,1,4.0,0.73007,0.99816
22601-8-0-17.wav,3,siren,1,4.0,0.73155,0.99818
22601-8-0-31.wav,3,siren,1,4.0,0.74293,0.99801
22601-8-0-39.wav,3,siren,1,4.0,0.84433,0.99812
22601-8-0-40.wav,3,siren,1,4.0,0.66907,0.99814
42117-8-0-14.wav,3,siren,1,4.0,0.63875,0.99816
49485-9-0-28.wav,3,street_music,0,4.0,0.48082,0.00124
61791-9-1-46.wav,3,street_music,0,4.0,0.58325,0.00312
62837-7-1-14.wav,3,jackhammer,0,4.0,0.19729,0.00081
62837-7-1-4.wav,3,jackhammer,0,4.0,0.12699,0.00083
62837-7-1-65.wav,3,jackhammer,0,4.0,0.09041,0.99262
63095-4-0-26.wav,3,drilling,0,4.0,0.81213,0.00083
63095-4-0-4.wav,3,drilling,0,4.0,0.82959,0.00083
74810-9-1-5.wav,3,street_music,0,4.0,0.20183,0.93166
77769-9-0-0.wav,3,street_music,0,4.0,0.39372,0.95531
94631-9-1-2.wav,3,street_music,0,4.0,0.19004,0.94794
128160-5-0-14.wav,4,engine_idling,0,4.0,0.22984,0.00083
132016-7-0-0.wav,4,jackhammer,0,4.0,0.11932,0.0008
144007-5-1-5.wav,4,engine_idling,0,4.0,0.10174,0.00083
144351-4-3-2.wav,4,drilling,0,4.0,0.4884,0.99796
158608-8-0-4.wav,4,siren,1,4.0,0.81746,0.00564
159752-8-2-2.wav,4,siren,1,4.0,0.17519,0.99778
165785-4-4-0.wav,4,drilling,0,1.284,0.94418,0.00375
166942-0-0-13.wav,4,air_conditioner,0,4.0,0.32642,0.00084
169466-4-3-9.wav,4,drilling,0,4.0,0.64016,0.00123
174032-2-0-11.wav,4,children_playing,0,4.0,0.62112,0.00647
187356-1-3-0.wav,4,car_horn,1,3.49,0.64524,0.99814
195969-0-0-24.wav,4,air_conditioner,0,4.0,0.24093,0.00098
195969-0-0-26.wav,4,air_conditioner,0,4.0,0.24321,0.00098
22883-7-35-3.wav,4,jackhammer,0,4.0,0.0,0.85343
52441-3-0-13.wav,4,dog_bark,1,4.0,0.47185,0.9982
54173-2-0-26.wav,4,children_playing,0,4.0,0.51526,0.00257
55018-0-0-37.wav,4,air_conditioner,0,4.0,0.29504,0.00092
7389-1-3-3.wav,4,car_horn,1,4.0,0.7908,0.99817
7389-1-4-13.wav,4,car_horn,1,4.0,0.55314,0.99821
100852-0-0-27.wav,5,air_conditioner,0,4.0,0.2541,0.00083
104421-2-0-3.wav,5,children_playing,0,4.0,0.00556,0.21341
113601-9-0-33.wav,5,street_music,0,4.0,0.20451,0.43173
145611-6-2-0.wav,5,gun_shot,1,1.101,0.75191,0.99738
159701-6-2-0.wav,5,gun_shot,1,1.562,0.88029,0.99794
165774-7-4-0.wav,5,jackhammer,0,1.15,0.6621,0.0009
171388-9-0-202.wav,5,street_music,0,4.0,0.37916,0.94794
17578-5-0-30.wav,5,engine_idling,0,4.0,0.00072,0.00085
178260-7-4-0.wav,5,jackhammer,0,4.0,0.1506,0.99771
178686-0-0-21.wav,5,air_conditioner,0,4.0,0.22259,0.00087
204408-2-0-83.wav,5,children_playing,0,4.0,0.30967,0.00647
26184-5-3-0.wav,5,engine_idling,0,2.599,0.41443,0.00083
34872-3-0-0.wav,5,dog_bark,1,4.0,0.91619,0.99814
72259-1-10-2.wav,5,car_horn,1,4.0,0.61964,0.99824
91533-5-0-3.wav,5,engine_idling,0,4.0,0.95092,0.00088
104327-2-0-15.wav,6,children_playing,0,4.0,0.03895,0.00145
111386-5-1-8.wav,6,engine_idling,0,4.0,0.13458,0.00083
115243-9-0-0.wav,6,street_music,0,4.0,0.38298,0.97919
124389-8-1-13.wav,6,siren,1,4.0,0.30189,0.00099
124389-8-1-4.wav,6,siren,1,4.0,0.19248,0.99812
129356-2-0-98.wav,6,children_playing,0,4.0,0.2309,0.00136
135160-8-0-4.wav,6,siren,1,4.0,0.96096,0.99812
135160-8-0-7.wav,6,siren,1,4.0,0.76322,0.99653
135544-6-10-0.wav,6,gun_shot,1,0.942,0.77915,0.99802
137969-2-0-41.wav,6,children_playing,0,4.0,0.89728,0.92797
14114-4-0-3.wav,6,drilling,0,4.0,0.3169,0.00091
148833-6-0-0.wav,6,gun_shot,1,1.478,0.86975,0.99794
157322-3-0-6.wav,6,dog_bark,1,4.0,0.85458,0.9981
164311-3-0-0.wav,6,dog_bark,1,4.0,0.63378,0.99721
193697-2-0-90.wav,6,children_playing,0,4.0,0.44035,0.00609
197075-3-1-1.wav,6,dog_bark,1,4.0,0.52337,0.93942
204240-0-0-23.wav,6,air_conditioner,0,4.0,0.87407,0.0015
24364-4-0-4.wav,6,drilling,0,4.0,0.31226,0.00081
62564-5-0-6.wav,6,engine_idling,0,4.0,0.0,0.00083
69962-2-0-16.wav,6,children_playing,0,4.0,0.32856,0.00254
82368-2-0-1.wav,6,children_playing,0,4.0,0.22442,0.00116
89442-9-0-7.wav,6,street_music,0,4.0,0.11291,0.70459
102853-8-0-6.wav,7,siren,1,4.0,0.74445,0.00126
118587-3-0-21.wav,7,dog_bark,1,4.0,0.82677,0.9979
123685-5-0-1.wav,7,engine_idling,0,4.0,9e-05,0.00101
146845-0-0-11.wav,7,air_conditioner,0,4.0,0.0,0.00082
168846-5-0-0.wav,7,engine_idling,0,4.0,0.75032,0.99824
171165-9-0-70.wav,7,street_music,0,4.0,0.64785,0.00292
177537-7-0-10.wav,7,jackhammer,0,4.0,0.10711,0.00094
177537-7-1-0.wav,7,jackhammer,0,4.0,0.02273,0.0008
196070-2-0-5.wav,7,children_playing,0,4.0,0.83423,0.00372
201988-5-0-0.wav,7,engine_idling,0,4.0,0.56437,0.00116
207216-2-0-137.wav,7,children_playing,0,4.0,0.43176,0.99809
61503-2-0-6.wav,7,children_playing,0,4.0,0.4882,0.00148
61789-9-0-14.wav,7,street_music,0,4.0,0.5388,0.31362
71529-4-1-6.wav,7,drilling,0,4.0,0.48953,0.00105
77751-7-4-0.wav,7,jackhammer,0,4.0,0.06839,0.00081
106905-5-0-0.wav,8,engine_idling,0,4.0,0.36081,0.08356
110688-3-0-17.wav,8,dog_bark,1,4.0,0.30685,0.9979
113202-5-0-28.wav,8,engine_idling,0,4.0,0.14979,0.00082
113203-5-0-0.wav,8,engine_idling,0,4.0,0.17914,0.00161
113203-5-1-0.wav,8,engine_idling,0,4.0,0.25789,0.00083
125678-7-0-3.wav,8,jackhammer,0,4.0,0.11363,0.00089
125678-7-3-0.wav,8,jackhammer,0,4.0,0.07314,0.99775
125678-7-3-2.wav,8,jackhammer,0,4.0,0.10313,0.0008
142003-2-0-0.wav,8,children_playing,0,4.0,0.40476,0.02091
142003-2-0-8.wav,8,children_playing,0,4.0,0.57171,0.00251
14386-9-0-20.wav,8,street_music,0,4.0,0.00968,0.9973
148632-8-0-6.wav,8,siren,1,4.0,0.50241,0.33471
162103-0-0-6.wav,8,air_conditioner,0,4.0,0.2853,0.00083
17009-2-0-10.wav,8,children_playing,0,4.0,0.3083,0.00119
171243-9-0-85.wav,8,street_music,0,4.0,0.41655,0.91874
174873-3-5-12.wav,8,dog_bark,1,4.0,0.51682,0.9981
177726-0-0-3.wav,8,air_conditioner,0,4.0,0.26011,0.00099
17810-3-1-0.wav,8,dog_bark,1,0.618,0.86658,0.99675
180134-4-2-19.wav,8,drilling,0,4.0,0.01608,0.01255
193699-2-0-3.wav,8,children_playing,0,4.0,0.35087,0.00111
31325-3-4-0.wav,8,dog_bark,1,4.0,0.51774,0.99812
34866-9-0-13.wav,8,street_music,0,4.0,0.13083,0.96371
55013-3-0-4.wav,8,dog_bark,1,4.0,0.52627,0.99817
105029-7-1-12.wav,9,jackhammer,0,4.0,0.0,0.99563
137815-4-0-1.wav,9,drilling,0,4.0,0.25872,0.99658
138468-1-0-0.wav,9,car_horn,1,3.601,0.8808,0.00111
145390-9-0-15.wav,9,street_music,0,4.0,0.68732,0.00148
149255-9-0-4.wav,9,street_music,0,4.0,0.34355,0.01046
157866-8-0-27.wav,9,siren,1,4.0,0.23744,0.99812
159744-8-0-12.wav,9,siren,1,4.0,0.44741,0.99816
159748-8-2-0.wav,9,siren,1,4.0,0.29764,0.00121
175915-3-0-3.wav,9,dog_bark,1,4.0,0.37101,0.99807
180029-4-15-0.wav,9,drilling,0,0.954,0.21593,0.00143
185374-9-0-18.wav,9,street_music,0,4.0,0.18596,0.97751
188823-7-1-2.wav,9,jackhammer,0,4.0,0.00064,0.998
188823-7-2-0.wav,9,jackhammer,0,4.0,1e-05,0.9981
50223-3-0-3.wav,9,dog_bark,1,4.0,0.26382,0.9982
52740-3-0-1.wav,9,dog_bark,1,4.0,0.26825,0.00115
52740-3-0-2.wav,9,dog_bark,1,4.0,0.26384,0.00112
54187-1-0-2.wav,9,car_horn,1,4.0,0.54665,0.99806
81117-4-0-1.wav,9,drilling,0,4.0,0.2673,0.99795
87562-6-0-0.wav,9,gun_shot,1,3.045,0.84508,0.99796
96921-9-0-18.wav,9,street_music,0,4.0,0.6549,0.00111
103438-5-0-2.wav,10,engine_idling,0,4.0,0.45223,0.00144
118278-4-0-8.wav,10,drilling,0,4.0,0.29341,0.00142
138017-9-1-16.wav,10,street_music,0,4.0,0.53801,0.00117
15544-5-0-3.wav,10,engine_idling,0,4.0,0.5861,0.00079
162134-7-15-3.wav,10,jackhammer,0,4.0,0.00101,0.99778
167464-0-0-10.wav,10,air_conditioner,0,4.0,0.52244,0.00099
180127-4-0-15.wav,10,drilling,0,4.0,0.25853,0.001
188813-7-9-0.wav,10,jackhammer,0,3.295,0.0224,0.9978
189982-0-0-44.wav,10,air_conditioner,0,4.0,0.2429,0.00087
202334-9-0-202.wav,10,street_music,0,4.0,0.7024,0.97919
202334-9-0-63.wav,10,street_music,0,4.0,0.30011,0.00713
205013-6-0-0.wav,10,gun_shot,1,1.497,0.85638,0.99802
20571-3-1-0.wav,10,dog_bark,1,4.0,0.0,0.00101
51024-3-0-23.wav,10,dog_bark,1,4.0,0.52357,0.98078
93567-8-0-9.wav,10,siren,1,4.0,0.53531,0.99814
99192-4-0-28.wav,10,drilling,0,4.0,0.0,0.00321
